raceId,driverId,milliseconds
841,1,46426
841,2,48092
841,3,23716
841,4,72165
841,5,24865
841,10,23792
841,13,72437
841,15,49747
841,16,49849
841,17,72176
841,18,62851
841,20,46639
841,22,104700
841,30,49009
841,67,48442
841,153,77709
841,155,48256
841,808,50218
841,814,49195
841,815,23438
841,816,51705
842,1,93011
842,2,69723
842,3,70070
842,4,98040
842,5,52420
842,10,49046
842,13,74658
842,15,25516
842,16,76290
842,17,88793
842,18,67354
842,20,67225
842,22,57480
842,24,93192
842,30,67064
842,67,80562
842,153,46472
842,155,46722
842,808,74556
842,814,69169
842,815,23597
842,816,50668
843,1,61978
843,2,44037
843,3,63496
843,4,43775
843,5,44375
843,10,78418
843,13,42792
843,15,45289
843,16,70755
843,17,65665
843,18,65774
843,20,43528
843,22,43190
843,24,62126
843,30,63886
843,39,26049
843,67,68660
843,153,22419
843,155,43791
843,808,43986
843,813,72842
843,814,43207
843,815,87615
843,816,45703
844,1,99637
844,2,86975
844,3,84757
844,4,86121
844,5,67601
844,13,93500
844,15,68147
844,16,63739
844,17,84401
844,18,65424
844,20,81609
844,22,67272
844,24,149973
844,30,92065
844,39,76789
844,67,65929
844,153,88456
844,155,67731
844,808,86245
844,813,82188
844,814,83995
844,815,96245
844,816,47616
845,1,81457
845,2,64071
845,3,60576
845,4,81923
845,5,64894
845,10,65546
845,13,64854
845,15,67088
845,16,64270
845,17,81223
845,18,60885
845,20,80858
845,22,92449
845,24,23157
845,30,61022
845,39,73589
845,67,66382
845,153,85775
845,155,66499
845,808,67827
845,813,91161
845,814,60769
845,815,66564
845,816,67866
846,1,77769
846,2,52132
846,3,75615
846,4,56734
846,5,52355
846,10,26827
846,13,26615
846,15,51660
846,16,52916
846,17,64004
846,18,76371
846,20,28536
846,22,51596
846,24,28298
846,30,35084
846,39,68242
846,67,51118
846,153,53457
846,155,28642
846,808,28856
846,813,52155
846,814,91556
846,816,54041
847,2,46477
847,3,91528
847,4,76370
847,5,44037
847,10,49504
847,13,98534
847,15,100156
847,16,93989
847,17,74718
847,18,141067
847,20,69356
847,22,96114
847,24,95377
847,30,94369
847,37,54327
847,39,58655
847,67,99129
847,153,74246
847,155,48305
847,808,47961
847,813,127508
847,814,88776
847,816,124547
848,1,61587
848,2,65871
848,3,65497
848,4,62164
848,5,66999
848,10,43930
848,13,66659
848,15,45458
848,16,61998
848,17,61151
848,18,61801
848,20,61778
848,22,63711
848,24,69460
848,30,73034
848,39,78764
848,67,62776
848,153,42494
848,155,44037
848,808,64377
848,813,64596
848,814,62454
848,815,21939
848,816,44193
849,1,72505
849,2,49150
849,3,49121
849,4,74014
849,10,50375
849,13,71326
849,16,77054
849,17,73248
849,18,72649
849,20,79513
849,22,49815
849,24,52148
849,30,86644
849,67,50899
849,153,48814
849,155,59999
849,808,49052
849,813,74379
849,814,103374
849,815,51005
849,816,54170
849,817,52814
850,1,61881
850,3,61370
850,4,60440
850,5,43263
850,10,43504
850,13,62432
850,16,41718
850,17,62063
850,18,20952
850,20,60778
850,24,22048
850,30,60997
850,67,48255
850,153,42751
850,155,42149
850,808,42021
850,812,76668
850,813,42658
850,814,46211
850,815,48892
850,816,44350
850,817,46372
851,1,119200
851,2,46805
851,3,84513
851,4,86156
851,5,109988
851,10,63764
851,13,87041
851,15,23118
851,16,85790
851,17,103364
851,18,62897
851,20,60965
851,22,122572
851,24,119441
851,30,42019
851,67,64169
851,153,67631
851,155,67835
851,808,92688
851,813,103850
851,814,63998
851,815,76903
851,816,118572
851,817,68058
852,1,21895
852,3,44261
852,4,42237
852,5,72854
852,10,94931
852,13,65608
852,15,43643
852,16,43756
852,17,41962
852,18,69442
852,20,63095
852,22,91049
852,24,52725
852,30,61698
852,155,45430
852,808,43374
852,811,65519
852,813,43724
852,814,42684
852,815,64064
852,816,45053
852,817,23780
853,1,43959
853,4,44528
853,5,45909
853,10,47931
853,13,43969
853,15,53811
853,18,43755
853,20,43502
853,22,52571
853,30,44723
853,67,48320
853,153,44267
853,155,50489
853,811,67952
853,813,45677
853,814,44939
853,817,1035495
854,1,148522
854,3,89227
854,4,90980
854,5,95030
854,13,124102
854,15,95533
854,16,64136
854,17,92079
854,18,90395
854,20,91628
854,22,61000
854,24,141058
854,30,59083
854,67,96960
854,153,87083
854,155,117650
854,808,91917
854,811,134073
854,813,91552
854,814,60468
854,815,64154
854,816,63355
854,817,112010
855,1,65204
855,3,62049
855,4,63197
855,5,65463
855,10,70166
855,13,63627
855,15,66025
855,16,64687
855,17,64644
855,18,62805
855,20,65675
855,22,66756
855,24,75591
855,30,64116
855,67,21849
855,153,44376
855,155,46562
855,808,42136
855,811,48393
855,813,63426
855,814,65481
855,815,46116
855,816,69540
855,817,69805
856,1,41430
856,3,40863
856,4,41617
856,5,44620
856,10,45014
856,13,44722
856,15,45292
856,16,46736
856,17,41628
856,18,41524
856,20,40155
856,22,44069
856,24,72015
856,30,20238
856,67,44090
856,153,44626
856,155,68673
856,808,21478
856,811,43056
856,813,57588
856,814,43135
856,815,64581
856,816,49317
856,817,45311
857,1,71895
857,3,44127
857,4,43628
857,5,44227
857,10,27378
857,13,64386
857,15,87778
857,16,43401
857,17,42632
857,18,42930
857,20,42864
857,22,55989
857,30,42375
857,39,47651
857,67,22579
857,153,45940
857,808,49656
857,811,43867
857,814,66659
857,815,47465
857,816,45159
857,817,96077
858,1,38789
858,3,39692
858,4,41525
858,5,41798
858,10,42353
858,13,40506
858,15,41615
858,16,40970
858,17,64707
858,18,41209
858,22,44753
858,24,21247
858,30,40298
858,153,64937
858,155,42941
858,808,40706
858,811,54171
858,813,33098
858,814,20216
858,815,44633
858,817,44885
859,1,62176
859,3,41431
859,4,62189
859,5,66345
859,10,22452
859,13,42749
859,15,44171
859,16,63135
859,17,62526
859,18,64626
859,20,63673
859,22,65765
859,24,45662
859,30,67636
859,67,44878
859,153,44628
859,155,46348
859,808,66052
859,811,81346
859,813,21561
859,814,42512
859,815,43558
859,816,45401
859,817,46377
860,1,46326
860,3,46220
860,4,43945
860,5,77865
860,8,48191
860,10,51368
860,13,66944
860,17,46217
860,18,46112
860,20,48387
860,155,49508
860,808,24579
860,811,79264
860,813,46593
860,814,49512
860,815,23882
860,817,79924
860,818,46772
860,819,91375
861,1,78570
861,3,97080
861,4,70051
861,5,115691
861,8,77570
861,10,76146
861,13,98518
861,17,74101
861,18,133730
861,20,98597
861,30,71088
861,37,83054
861,39,64576
861,155,78039
861,807,70763
861,808,84412
861,811,106079
861,813,94539
861,814,69019
861,815,74734
861,817,96267
861,818,47559
861,819,98083
862,1,61771
862,3,41758
862,4,60456
862,5,83067
862,8,42927
862,10,42842
862,13,40301
862,17,61322
862,18,67655
862,20,42595
862,30,21746
862,37,47122
862,39,48088
862,154,47019
862,155,64358
862,807,53434
862,808,43858
862,811,42507
862,813,42798
862,814,41393
862,815,45574
862,817,44202
862,818,68989
862,819,59866
863,1,82659
863,3,67019
863,4,68750
863,5,95182
863,8,67371
863,10,76004
863,13,67458
863,17,66590
863,18,91845
863,20,66534
863,30,66276
863,37,72181
863,39,101834
863,154,68905
863,155,73022
863,807,67419
863,808,69999
863,811,68511
863,813,45198
863,814,44552
863,815,69760
863,817,70619
863,818,68357
863,819,24020
864,1,41943
864,3,60758
864,4,59589
864,5,65131
864,8,61151
864,10,62653
864,13,75733
864,17,65112
864,18,61282
864,20,78847
864,30,20113
864,37,87424
864,39,44033
864,154,62473
864,155,63952
864,807,61594
864,808,69745
864,813,63667
864,814,61534
864,815,71450
864,817,61274
864,818,63493
864,819,42274
865,1,25748
865,3,24874
865,4,25220
865,5,57359
865,8,26380
865,10,62070
865,13,24993
865,17,25566
865,18,25219
865,20,25079
865,30,25117
865,39,54279
865,155,28390
865,807,26447
865,808,39391
865,811,26410
865,814,25642
865,815,45343
865,817,25335
865,818,52220
865,819,27186
866,1,43905
866,3,42401
866,4,21133
866,5,43437
866,8,21534
866,10,25520
866,13,42243
866,17,42453
866,18,64956
866,20,44067
866,30,44331
866,154,21830
866,155,21453
866,807,48243
866,808,43291
866,811,22781
866,813,22704
866,814,43223
866,815,21407
866,817,43247
866,818,60082
866,819,23291
867,1,50436
867,3,40740
867,4,40507
867,5,45485
867,8,42982
867,13,100141
867,17,40468
867,18,39886
867,20,40380
867,30,40518
867,37,46252
867,39,64080
867,154,43662
867,155,48790
867,807,41530
867,808,94157
867,811,43099
867,813,42867
867,814,20295
867,815,41936
867,817,43806
867,818,21303
867,819,54474
868,1,49501
868,3,58718
868,4,50370
868,5,52630
868,8,51452
868,10,51406
868,13,50435
868,17,51033
868,18,49900
868,20,51148
868,30,51490
868,37,27715
868,39,57852
868,154,59589
868,155,66053
868,807,51504
868,811,52556
868,813,58698
868,814,32790
868,815,25192
868,817,51239
868,818,52689
868,819,52477
869,1,57487
869,3,55030
869,4,35512
869,5,86407
869,8,35737
869,10,40351
869,13,61866
869,17,35543
869,18,34698
869,20,35371
869,30,54588
869,37,40514
869,39,38917
869,154,75897
869,155,38081
869,807,55093
869,808,56479
869,811,85077
869,813,56941
869,814,35867
869,815,36342
869,817,36364
869,818,57275
869,819,37212
870,1,39495
870,3,40984
870,4,39034
870,5,63202
870,8,39859
870,10,41720
870,13,39898
870,17,58172
870,18,58846
870,20,57675
870,30,55038
870,37,44209
870,39,43290
870,154,42382
870,155,40299
870,807,41343
870,808,62177
870,811,40817
870,813,53265
870,814,40812
870,815,40536
870,817,60167
870,818,79465
870,819,42293
871,3,41596
871,5,74137
871,8,40672
871,10,43123
871,13,41355
871,17,41293
871,18,19668
871,20,20811
871,30,42499
871,37,76198
871,39,46476
871,155,71023
871,807,42848
871,808,47152
871,811,43720
871,813,21842
871,814,42517
871,817,41347
871,818,41737
871,819,21611
872,1,20736
872,3,44200
872,4,21515
872,5,44647
872,8,21730
872,10,51328
872,13,22161
872,17,21556
872,18,23375
872,20,37311
872,30,44557
872,37,23488
872,39,31745
872,155,22874
872,807,22746
872,808,44993
872,811,22985
872,813,44784
872,814,22190
872,815,22472
872,816,21962
872,817,21720
872,819,46085
873,1,29124
873,3,59233
873,4,58747
873,5,90771
873,8,59039
873,10,62992
873,13,90816
873,17,87985
873,18,59681
873,20,60254
873,30,61217
873,37,109768
873,39,32436
873,154,63833
873,155,97681
873,807,95577
873,808,138048
873,811,91829
873,813,91755
873,814,61055
873,815,60260
873,817,60781
873,818,60397
873,819,61481
874,1,40942
874,5,45494
874,8,42123
874,10,42182
874,13,41714
874,17,53153
874,18,41332
874,20,40854
874,30,41022
874,37,48774
874,39,23227
874,154,83265
874,155,41545
874,807,42695
874,808,56985
874,811,84764
874,813,42479
874,814,42407
874,815,21273
874,817,43460
874,818,43959
874,819,63848
875,1,59862
875,4,40020
875,5,43385
875,8,41223
875,10,42828
875,13,41462
875,17,39427
875,20,39631
875,30,40363
875,39,22749
875,154,42616
875,155,46989
875,807,43107
875,808,43859
875,811,44699
875,813,21137
875,814,41023
875,815,45175
875,817,40955
875,818,42053
875,819,43321
876,1,20852
876,3,21490
876,4,20800
876,5,22967
876,8,21404
876,10,27303
876,13,21100
876,17,20808
876,18,21509
876,20,20707
876,30,46358
876,37,23830
876,39,24544
876,154,20976
876,155,22726
876,807,21654
876,808,22445
876,811,22047
876,813,50056
876,814,23948
876,815,45844
876,817,22637
876,818,46755
876,819,22692
877,3,29277
877,4,19368
877,5,23032
877,8,20278
877,10,19884
877,13,19585
877,17,19066
877,18,19455
877,20,44880
877,30,40971
877,37,22272
877,154,47074
877,155,19529
877,808,20769
877,811,22587
877,813,20723
877,814,66764
877,815,79775
877,817,41353
877,818,40204
877,819,21941
878,1,20814
878,3,21346
878,4,24439
878,5,22713
878,8,24840
878,10,23092
878,13,21520
878,18,21445
878,20,20904
878,30,43560
878,37,24798
878,39,24497
878,154,21190
878,155,24079
878,807,22099
878,808,22762
878,811,22143
878,813,22342
878,814,44942
878,815,22079
878,817,22651
878,819,22379
879,1,46016
879,3,100854
879,4,67334
879,5,129292
879,8,76581
879,10,93053
879,13,66703
879,17,65365
879,18,43006
879,20,93201
879,30,92536
879,37,102245
879,39,104957
879,155,84343
879,807,57725
879,808,73185
879,814,72089
879,817,110360
879,818,91701
879,819,70255
880,1,65948
880,3,22274
880,4,65102
880,8,44890
880,13,64774
880,16,45442
880,17,67472
880,18,67391
880,20,66107
880,154,66906
880,813,23099
880,814,46061
880,815,67386
880,817,47612
880,818,70922
880,819,46903
880,820,90350
880,821,44631
880,822,70803
880,823,71855
880,824,69427
881,1,89218
881,3,86423
881,8,70485
881,13,86569
881,16,127234
881,17,83396
881,18,148309
881,20,84713
881,154,66302
881,807,90522
881,813,80001
881,814,166837
881,815,85181
881,817,66812
881,818,92556
881,819,116660
881,820,97419
881,821,91908
881,822,75942
881,823,93820
881,824,94653
882,1,60563
882,3,64920
882,4,61252
882,8,61976
882,13,60229
882,17,48243
882,18,39760
882,20,59598
882,154,60478
882,807,63122
882,813,63293
882,814,60749
882,815,40222
882,817,65611
882,818,61928
882,819,64742
882,820,71305
882,822,65321
882,823,62715
882,824,66556
883,1,65116
883,3,86018
883,4,86803
883,8,44438
883,13,92713
883,16,71040
883,17,64050
883,18,87913
883,20,64856
883,154,67769
883,807,66870
883,813,67459
883,814,44484
883,815,63951
883,817,67180
883,818,41485
883,819,68751
883,820,95442
883,821,94783
883,822,74974
883,823,119301
883,824,94400
884,1,81307
884,3,58798
884,4,76851
884,8,59905
884,13,77190
884,16,136854
884,17,76920
884,18,57296
884,20,75559
884,807,135005
884,813,97133
884,814,79710
884,815,79687
884,817,79250
884,818,95545
884,819,62806
884,820,68216
884,821,81538
884,822,61612
884,823,43715
884,824,90384
885,1,24801
885,3,25200
885,4,24489
885,8,49545
885,13,25331
885,16,25274
885,17,24316
885,18,24585
885,20,24375
885,154,64545
885,807,24974
885,813,66653
885,814,25643
885,815,24672
885,817,25225
885,818,24827
885,820,71088
885,821,51290
885,822,29063
885,823,86638
885,824,50313
886,1,41535
886,3,63416
886,4,41148
886,8,25182
886,13,40845
886,16,58278
886,17,43425
886,18,20212
886,20,41733
886,154,42433
886,807,42637
886,813,60640
886,814,21066
886,815,41232
886,817,42538
886,818,42639
886,819,44217
886,820,21374
886,821,43541
886,822,46660
886,823,97928
886,824,21378
887,1,53661
887,3,75319
887,4,74379
887,8,49420
887,13,109162
887,16,49965
887,17,80702
887,18,49102
887,20,48251
887,154,75387
887,807,80803
887,813,50519
887,814,83504
887,815,49624
887,817,55675
887,818,55735
887,819,52562
887,820,51732
887,821,108394
887,822,62082
887,823,78720
887,824,51656
888,1,58124
888,3,61581
888,4,59214
888,8,59296
888,16,61913
888,17,201954
888,18,40504
888,20,58136
888,154,59871
888,807,62147
888,813,56527
888,814,42030
888,815,40865
888,817,59994
888,818,23147
888,819,67073
888,820,82679
888,821,60845
888,822,79491
888,823,63419
888,824,41211
890,1,65430
890,3,66497
890,4,65601
890,8,43804
890,13,66377
890,17,66133
890,18,44603
890,20,64872
890,154,83225
890,807,61421
890,813,68779
890,814,68504
890,815,45045
890,817,46029
890,818,68783
890,819,44915
890,820,67881
890,821,22425
890,822,44635
890,823,68415
890,824,67410
891,1,46079
891,3,46616
891,4,45075
891,8,23744
891,13,45506
891,16,46982
891,17,46481
891,18,45782
891,20,45569
891,154,23445
891,807,47553
891,813,93181
891,814,47015
891,815,39975
891,817,46015
891,818,48609
891,820,65356
891,821,62906
891,822,46951
891,823,48966
891,824,48044
892,1,48775
892,3,24079
892,4,24208
892,8,55739
892,13,24692
892,16,26873
892,17,24205
892,18,24450
892,20,24305
892,154,27040
892,807,25633
892,813,25397
892,815,25933
892,817,24319
892,819,51932
892,820,26146
892,821,24668
892,822,24665
892,823,59502
892,824,25541
893,1,59117
893,3,58828
893,4,58612
893,8,62482
893,13,87749
893,16,91074
893,17,57940
893,18,59369
893,20,57721
893,154,133004
893,807,60163
893,813,90585
893,814,59444
893,815,58105
893,817,32097
893,818,90449
893,819,95395
893,820,91357
893,821,61070
893,822,96418
893,823,98002
893,824,121060
894,1,44521
894,3,65844
894,4,45015
894,8,46160
894,13,44875
894,16,143408
894,17,68795
894,18,52894
894,20,45597
894,154,45286
894,807,47766
894,813,47112
894,814,47668
894,815,61794
894,817,47086
894,818,72338
894,819,48686
894,820,50060
894,821,46504
894,822,48152
894,823,66048
894,824,46911
895,1,25297
895,3,85940
895,4,45484
895,8,46603
895,13,63639
895,16,47287
895,17,69485
895,18,72830
895,20,45789
895,154,46368
895,807,47214
895,813,47726
895,814,47334
895,815,79715
895,817,66587
895,818,74779
895,819,66696
895,820,48021
895,821,47071
895,822,46904
896,1,47120
896,3,47580
896,4,77461
896,8,51130
896,13,46911
896,16,23891
896,17,46946
896,18,72045
896,20,47568
896,154,23648
896,807,77987
896,813,51842
896,814,47686
896,815,48451
896,817,50079
896,818,48360
896,819,56052
896,820,49202
896,821,68498
896,822,53528
896,824,59320
897,1,42981
897,3,43286
897,4,42983
897,13,43800
897,16,22048
897,17,43086
897,18,48692
897,20,43573
897,154,43913
897,807,61373
897,813,46296
897,814,22270
897,815,42873
897,817,45140
897,818,45538
897,819,46503
897,820,46292
897,821,44755
897,822,50041
897,823,45120
897,824,47640
898,1,23904
898,3,23806
898,4,23817
898,5,61656
898,13,48052
898,17,23537
898,18,24589
898,20,24086
898,154,23876
898,807,24030
898,813,32794
898,814,49358
898,815,23808
898,817,24226
898,818,24381
898,819,46260
898,820,43030
898,821,49886
898,822,25014
898,823,25268
898,824,26205
899,1,64463
899,3,46081
899,4,45487
899,5,45665
899,13,62364
899,16,70143
899,17,51730
899,18,46534
899,20,55409
899,807,47124
899,813,50334
899,814,46567
899,815,44988
899,817,46061
899,818,71089
899,819,24099
899,820,71731
899,821,46995
899,822,47861
899,823,68178
899,824,48060
900,3,48004
900,4,44865
900,8,47368
900,16,24305
900,18,44810
900,154,39519
900,807,45548
900,813,22847
900,815,70564
900,817,45421
900,818,46102
900,820,47702
900,821,56454
900,822,58038
900,824,46477
900,825,45423
900,826,54434
900,828,23238
901,1,74384
901,3,74664
901,4,73329
901,8,75062
901,13,73740
901,16,51491
901,18,74393
901,20,74346
901,154,76377
901,155,53629
901,807,50223
901,817,227990
901,818,72227
901,820,82677
901,821,55745
901,822,74482
901,824,52836
901,825,92192
901,826,77871
901,828,82585
902,1,49833
902,3,49758
902,4,74839
902,8,74877
902,13,74999
902,16,66040
902,18,49721
902,20,51150
902,154,75917
902,155,53752
902,807,49197
902,813,118958
902,815,49434
902,817,49522
902,818,59792
902,820,79072
902,821,51176
902,822,76088
902,824,125723
902,825,74742
902,826,76749
902,828,51186
903,1,46967
903,3,46366
903,4,45723
903,8,46285
903,13,102107
903,18,44956
903,20,44816
903,154,23213
903,155,75007
903,807,46202
903,813,47032
903,815,46550
903,817,45684
903,818,48536
903,820,71545
903,821,68974
903,822,48419
903,824,49104
903,825,46249
903,826,47149
903,828,71376
904,1,46541
904,3,44563
904,4,65648
904,8,44783
904,13,67575
904,16,51391
904,18,46218
904,20,65181
904,154,44204
904,155,22789
904,807,45079
904,813,49875
904,815,44649
904,817,43799
904,818,22976
904,820,71155
904,821,70868
904,822,45525
904,824,45496
904,825,43662
904,826,68528
904,828,49762
905,1,27509
905,3,24672
905,4,26499
905,8,82862
905,13,24264
905,16,33207
905,18,25992
905,20,66065
905,154,51341
905,155,50537
905,807,25714
905,817,26584
905,818,44829
905,820,96563
905,821,25906
905,822,25595
905,824,32658
905,825,28943
905,828,53676
906,1,47971
906,3,48984
906,4,47722
906,8,48146
906,13,51961
906,16,47771
906,18,48543
906,20,47244
906,154,47799
906,807,23902
906,815,23907
906,817,46880
906,818,48408
906,821,73541
906,822,47939
906,825,47386
906,826,50933
907,1,44781
907,3,43138
907,4,42510
907,8,43532
907,13,43992
907,16,45409
907,18,42747
907,20,51225
907,154,46096
907,155,22480
907,807,44166
907,813,45955
907,815,45730
907,817,42865
907,818,44606
907,820,22977
907,821,106819
907,822,43341
907,824,24452
907,825,43552
907,826,21906
907,828,48355
908,1,58970
908,3,28329
908,4,34410
908,16,29956
908,18,28645
908,20,57345
908,154,29710
908,155,59047
908,807,29579
908,813,28831
908,815,29599
908,817,28483
908,818,30218
908,820,52891
908,822,29104
908,824,30353
908,825,28745
908,826,57275
909,1,59496
909,3,40312
909,4,57514
909,8,59344
909,16,60093
909,18,60741
909,20,57547
909,154,18928
909,155,60571
909,807,39078
909,813,38225
909,815,61577
909,817,57276
909,818,67416
909,820,65435
909,821,64086
909,822,40321
909,824,40606
909,825,64421
909,826,40564
909,828,67808
910,1,47164
910,3,68692
910,4,43887
910,8,45368
910,13,67240
910,16,54456
910,18,71755
910,20,43778
910,154,23979
910,155,34086
910,807,24040
910,813,76802
910,815,25535
910,817,68219
910,818,46932
910,820,47857
910,821,24050
910,822,70604
910,824,72622
910,825,45358
910,826,45625
911,1,73403
911,3,76325
911,4,51894
911,8,45677
911,13,71252
911,16,71266
911,18,45388
911,20,68721
911,154,76663
911,807,47664
911,815,47081
911,817,45588
911,818,46773
911,820,48607
911,821,46157
911,822,45945
911,824,49280
911,825,45529
911,826,48518
911,828,48296
912,1,24453
912,3,24583
912,4,24913
912,8,24547
912,13,24323
912,16,26864
912,18,24669
912,20,25176
912,154,25098
912,155,25277
912,807,25547
912,813,24223
912,815,24938
912,817,24388
912,818,25046
912,821,78918
912,822,24991
912,824,26641
912,825,24214
912,826,24651
912,828,28685
913,1,89746
913,4,86713
913,8,89060
913,13,58584
913,16,90307
913,18,57268
913,20,58880
913,154,88123
913,807,89764
913,813,118014
913,815,124109
913,817,58874
913,818,95226
913,820,98603
913,821,33679
913,822,59220
913,824,90050
913,825,86231
913,826,91369
913,828,60508
914,1,1184863
914,3,1185074
914,4,1137051
914,8,1241874
914,13,1185898
914,16,1209654
914,18,1213890
914,20,1182185
914,154,1228877
914,155,1238155
914,807,1209923
914,813,1202770
914,815,1210618
914,817,1185311
914,818,1186361
914,820,1187094
914,821,1186369
914,822,1186511
914,824,1183734
914,825,1241718
914,826,1209872
914,828,1196670
915,1,30503
915,3,33820
915,4,35112
915,8,30097
915,13,60190
915,16,30733
915,18,29994
915,20,30355
915,154,30037
915,807,30096
915,813,30180
915,815,29876
915,817,30006
915,818,30272
915,820,31374
915,821,30303
915,822,30363
915,825,29736
915,826,61905
915,828,61780
916,1,48612
916,3,48946
916,4,48734
916,8,72229
916,13,49944
916,18,50352
916,20,95882
916,154,48490
916,807,33427
916,813,54202
916,817,48396
916,818,54711
916,821,80931
916,822,48434
916,825,51378
916,826,75725
917,1,70449
917,3,70316
917,4,69489
917,8,51361
917,13,80222
917,16,78620
917,18,69021
917,20,69749
917,154,71811
917,807,70288
917,813,69708
917,815,76531
917,817,46012
917,818,72192
917,821,71346
917,822,85041
917,825,71382
917,826,74112
918,1,43772
918,3,45824
918,4,43687
918,8,43752
918,13,44094
918,16,66995
918,18,44669
918,20,44705
918,154,59393
918,155,46847
918,807,49087
918,813,21998
918,815,44356
918,817,43329
918,818,68028
918,821,46398
918,822,43676
918,825,43710
918,826,24169
918,829,47689
926,1,22295
926,3,22105
926,8,49870
926,13,22062
926,18,23353
926,20,22694
926,807,43749
926,815,26009
926,817,22535
926,828,68288
926,830,23532
926,831,22933
926,832,55789
927,1,74868
927,3,82599
927,4,25222
927,8,76682
927,13,77590
927,18,84454
927,20,49088
927,154,75012
927,807,86224
927,813,98959
927,815,61044
927,817,77711
927,822,79588
927,826,81393
927,830,79939
927,831,110194
927,832,50291
927,833,83746
928,1,44880
928,3,45312
928,4,46583
928,8,45271
928,13,46462
928,18,47209
928,20,44932
928,154,47026
928,813,63281
928,815,69311
928,817,45532
928,822,46666
928,828,48435
928,829,48186
928,830,47514
928,831,47141
928,832,47219
928,833,50026
929,1,50319
929,3,50729
929,4,50248
929,8,49320
929,13,49911
929,20,82879
929,154,49994
929,807,76310
929,813,162130
929,815,50861
929,817,50666
929,822,49916
929,826,50113
929,828,101249
929,829,52582
929,830,66563
929,831,77567
929,832,59240
929,833,53407
930,1,69278
930,3,44322
930,4,23728
930,8,44412
930,13,67025
930,18,69982
930,20,43598
930,154,56565
930,807,67738
930,813,80010
930,815,44894
930,817,47324
930,822,43882
930,826,44940
930,828,48144
930,829,70526
930,830,47003
930,831,45863
930,832,45037
930,833,71901
931,1,49676
931,3,24789
931,4,30345
931,8,24177
931,13,92299
931,18,49723
931,20,24851
931,154,25077
931,807,59531
931,815,49852
931,817,48745
931,822,49053
931,826,25119
931,828,76250
931,829,28606
931,830,78557
931,831,52152
931,832,25306
931,833,27554
932,1,23708
932,3,23321
932,4,23553
932,8,48208
932,13,23912
932,18,43431
932,20,51186
932,154,24292
932,807,23507
932,813,23660
932,815,23453
932,817,23997
932,822,25541
932,826,23681
932,828,24149
932,829,30807
932,830,36105
932,831,24795
932,832,24277
932,833,26986
933,1,21869
933,3,21768
933,13,22447
933,18,52831
933,20,31882
933,154,22016
933,807,21685
933,813,21847
933,815,26689
933,817,27710
933,822,22777
933,826,50743
933,828,68892
933,830,21984
933,831,22803
933,832,27638
933,833,23926
934,1,57396
934,3,58786
934,4,132474
934,8,89549
934,13,61317
934,20,58622
934,807,62449
934,815,60858
934,817,71704
934,822,60718
934,826,62326
934,828,120490
934,829,92825
934,832,29393
934,833,65358
936,1,127687
936,3,102771
936,4,100704
936,8,138104
936,13,104994
936,18,77111
936,20,77688
936,154,109662
936,807,44795
936,813,117642
936,815,116190
936,817,111897
936,822,108856
936,826,99611
936,828,104000
936,829,103949
936,830,101910
936,831,104214
936,832,81472
936,833,108958
937,1,45358
937,3,45762
937,4,72267
937,8,45721
937,13,46937
937,18,71995
937,20,22681
937,154,47210
937,815,46480
937,817,22637
937,822,64151
937,826,45359
937,828,47867
937,829,48276
937,830,70547
937,831,46727
937,832,47080
937,833,46925
938,1,24368
938,3,24657
938,4,43704
938,8,24442
938,13,25207
938,18,24310
938,20,24340
938,807,24286
938,815,24281
938,817,24259
938,822,25536
938,826,23884
938,828,24842
938,829,29382
938,830,69074
938,831,51043
938,832,55094
938,833,26435
939,1,28917
939,3,60449
939,4,34237
939,8,60720
939,13,85702
939,18,133245
939,20,58445
939,154,60466
939,807,30868
939,813,88981
939,815,59408
939,817,60726
939,822,58499
939,826,62083
939,828,88844
939,829,68245
939,830,62051
939,831,59596
939,832,94597
939,834,63216
940,1,45915
940,3,46319
940,4,47407
940,8,46298
940,13,85571
940,18,47144
940,20,46204
940,154,48347
940,807,83001
940,813,48091
940,815,73611
940,817,49312
940,822,47130
940,826,69880
940,828,46859
940,829,85282
940,830,51770
940,831,48879
940,832,63046
940,834,50234
941,1,30216
941,4,29539
941,8,29386
941,13,30741
941,18,29719
941,20,29367
941,154,54445
941,813,29952
941,815,30545
941,817,29732
941,822,30316
941,826,30418
941,829,62821
941,830,67575
941,831,30362
941,832,30288
941,833,35072
942,1,48442
942,3,49882
942,4,82023
942,8,59281
942,13,24646
942,18,76837
942,20,74753
942,154,55351
942,807,54704
942,813,78351
942,815,51188
942,817,76746
942,822,66872
942,826,49843
942,828,60660
942,830,50431
942,831,143303
942,832,96681
942,834,90080
943,1,44632
943,3,44694
943,13,45935
943,18,46374
943,20,50226
943,154,45836
943,807,47413
943,813,50584
943,815,23547
943,817,44910
943,822,46117
943,826,45077
943,828,69709
943,829,49311
943,830,45574
943,831,70256
943,832,69972
943,834,55809
944,1,70412
944,3,71406
944,4,70009
944,8,48601
944,13,71215
944,18,70909
944,20,71136
944,154,72220
944,807,48208
944,813,54197
944,815,71195
944,817,72691
944,822,48649
944,826,47785
944,828,78949
944,829,52642
944,830,72397
944,831,50020
944,834,52198
945,1,42738
945,3,43217
945,4,105741
945,8,47775
945,13,45561
945,18,46032
945,20,43423
945,154,44437
945,807,44219
945,815,44038
945,817,44067
945,822,82699
945,826,43502
945,828,45038
945,829,45767
945,830,67121
945,831,73299
945,832,47370
945,833,24314
948,1,1112027
948,3,1110834
948,4,21796
948,8,1111873
948,13,1111355
948,18,1128919
948,20,1135199
948,154,1089417
948,807,1111322
948,815,1112030
948,817,1134048
948,822,1110365
948,825,996228
948,828,1126168
948,830,1140741
948,831,1105038
948,832,1134777
948,835,1111580
948,836,1132241
948,837,23224
949,1,74066
949,3,77921
949,8,75199
949,13,48329
949,154,81953
949,807,108190
949,815,79911
949,817,76051
949,821,32793
949,822,70423
949,825,75600
949,826,73304
949,828,50138
949,830,76533
949,831,77397
949,832,63379
949,836,77202
949,837,80019
949,838,74602
950,1,122126
950,3,46390
950,4,45801
950,8,77262
950,13,45473
950,18,69611
950,20,74741
950,154,129804
950,807,103910
950,815,68051
950,817,69279
950,821,69911
950,822,68059
950,825,69092
950,826,69375
950,828,47518
950,830,76908
950,831,85946
950,832,72855
950,835,70178
950,836,75347
950,837,72187
951,1,30001
951,3,29709
951,4,29751
951,8,30498
951,13,59616
951,18,30580
951,154,31420
951,815,63200
951,817,78968
951,821,65206
951,822,29841
951,825,30585
951,826,80188
951,828,60962
951,830,30553
951,831,30259
951,832,30805
951,835,30805
951,836,88584
952,4,44782
952,8,44276
952,13,65783
952,18,44870
952,20,65863
952,154,80863
952,807,22176
952,815,44597
952,817,88658
952,821,45636
952,822,44299
952,825,68130
952,826,68280
952,828,68859
952,830,44717
952,831,46066
952,832,45811
952,835,45680
952,836,48941
952,837,54939
953,1,26315
953,3,54378
953,4,52348
953,13,50116
953,18,51216
953,20,50675
953,154,58601
953,807,52279
953,815,51322
953,817,60381
953,821,53451
953,822,77515
953,825,121514
953,826,140225
953,828,86953
953,830,51063
953,831,101108
953,832,55850
953,836,26517
953,837,82789
954,1,22243
954,3,45194
954,4,27952
954,8,46083
954,13,22925
954,20,44958
954,154,78849
954,807,45987
954,815,47313
954,817,46890
954,821,47340
954,822,22184
954,825,23162
954,826,45627
954,828,46256
954,830,46495
954,831,47595
954,832,47962
954,836,49300
954,837,54801
955,1,20108
955,3,20058
955,4,40936
955,8,20593
955,13,39303
955,18,40825
955,20,20422
955,154,44720
955,807,20347
955,815,20614
955,817,39995
955,821,50760
955,822,19732
955,825,20772
955,826,24802
955,828,41642
955,830,42566
955,831,41383
955,832,43058
955,835,41526
955,836,26187
955,837,33405
956,1,80726
956,3,79104
956,4,79761
956,8,61577
956,13,78731
956,18,82165
956,154,61076
956,807,107270
956,815,77809
956,817,81222
956,821,78757
956,822,81362
956,825,86484
956,828,82766
956,830,57565
956,831,61375
956,832,74703
956,835,79706
956,836,82757
956,837,82606
957,1,59071
957,3,59110
957,4,90109
957,8,60040
957,13,87992
957,18,59681
957,20,60544
957,154,62514
957,807,60614
957,815,58390
957,817,60011
957,821,71392
957,822,59090
957,825,88455
957,826,60642
957,828,140373
957,830,61424
957,831,61124
957,832,60681
957,835,126967
957,836,31812
957,837,60133
958,1,43214
958,3,43584
958,4,43996
958,8,43808
958,13,44159
958,18,61433
958,20,43175
958,154,44730
958,807,45364
958,815,52630
958,817,44247
958,821,45348
958,822,43109
958,825,44041
958,826,50056
958,828,70379
958,830,44076
958,831,45743
958,832,45377
958,835,43557
958,836,46251
958,837,24254
959,1,55629
959,3,66993
959,4,57825
959,8,61060
959,13,54985
959,18,57819
959,20,57702
959,154,40164
959,807,58659
959,815,57835
959,817,56681
959,821,39425
959,822,37979
959,825,38193
959,826,62734
959,828,39466
959,830,57121
959,831,69564
959,832,62045
959,835,65711
959,836,59097
959,837,73422
960,1,1047253
960,3,1018746
960,4,1020685
960,8,1076359
960,13,1045663
960,20,1043676
960,154,1046178
960,807,1046047
960,815,1046719
960,817,1020932
960,821,1045669
960,822,1042836
960,826,1047188
960,830,1075739
960,831,1057826
960,835,1068843
960,839,1053906
961,1,23633
961,3,25550
961,4,74619
961,8,48395
961,13,47762
961,18,50845
961,20,50505
961,154,25340
961,807,48596
961,815,48570
961,817,47378
961,821,50665
961,822,48060
961,825,48262
961,826,49546
961,828,25145
961,830,48437
961,831,874834
961,832,49642
961,835,33275
961,836,25962
961,839,25539
962,1,110339
962,3,85866
962,4,84431
962,8,112004
962,13,114092
962,18,100838
962,20,82657
962,815,61563
962,817,112398
962,821,86986
962,822,153714
962,825,84329
962,826,84090
962,828,114989
962,830,112357
962,831,84891
962,832,114516
962,835,82862
962,836,85311
962,839,201708
963,1,23689
963,3,71887
963,4,73176
963,8,73805
963,13,71731
963,18,49383
963,807,75813
963,815,50971
963,817,48605
963,821,80602
963,822,23828
963,825,30679
963,826,81469
963,828,49978
963,830,76065
963,831,24697
963,832,48873
963,835,23928
963,836,77177
963,839,58706
964,1,45721
964,3,45823
964,4,45818
964,8,46006
964,13,22463
964,18,47717
964,20,46113
964,154,49170
964,807,45784
964,815,46326
964,817,48857
964,821,47902
964,822,25007
964,825,23072
964,826,45933
964,828,24011
964,830,45643
964,831,25131
964,832,45924
964,835,23452
964,836,50091
964,839,49229
965,1,47176
965,3,47675
965,4,48983
965,8,73218
965,13,71460
965,18,49248
965,20,72401
965,154,50579
965,815,47817
965,817,47490
965,821,24470
965,822,52320
965,825,72311
965,826,37837
965,828,25229
965,830,59601
965,831,24244
965,832,49059
965,835,48837
965,836,51241
965,839,77413
966,1,21709
966,3,21997
966,4,47632
966,8,45372
966,13,21863
966,18,22438
966,20,22035
966,154,46635
966,807,22134
966,815,22213
966,817,44530
966,821,48308
966,822,22396
966,825,44655
966,826,45530
966,828,32608
966,830,21775
966,831,23540
966,832,22747
966,835,23897
966,839,23866
967,1,3492409
967,3,3491371
967,4,3517428
967,13,3554774
967,18,3569001
967,20,3524541
967,807,3518090
967,815,3490688
967,817,3572090
967,821,3538573
967,822,3542270
967,825,3542704
967,826,3546767
967,828,25395
967,830,3563738
967,831,3491420
967,832,3491881
967,835,49401
967,836,3518952
967,839,3494144
968,1,43955
968,3,44971
968,4,44676
968,8,44046
968,13,43314
968,20,43583
968,154,45365
968,807,43316
968,815,43320
968,817,43852
968,821,44134
968,825,27068
968,826,21896
968,828,22991
968,830,21221
968,831,53205
968,832,43696
968,835,69514
968,836,56344
968,839,47061
969,1,21709
969,4,22484
969,8,22033
969,13,21568
969,20,21988
969,807,46289
969,815,22045
969,822,21440
969,825,53525
969,826,49585
969,830,22208
969,832,21762
969,838,39562
969,839,22154
969,840,44673
969,841,28591
970,1,81020
970,4,76158
970,8,82278
970,13,121113
970,20,97435
970,154,112596
970,807,115751
970,815,123019
970,817,80938
970,822,91270
970,825,99165
970,826,75982
970,828,79963
970,830,80648
970,832,74891
970,835,75876
970,838,77058
970,839,108812
970,841,29443
971,1,61369
971,4,49645
971,8,52286
971,13,49944
971,20,49016
971,154,50040
971,807,51769
971,815,48962
971,817,50512
971,822,52908
971,826,50450
971,828,25576
971,830,25174
971,832,25001
971,835,53886
971,836,26542
971,839,49169
971,840,24915
972,1,29739
972,8,30152
972,13,59843
972,20,30097
972,807,30280
972,815,29868
972,822,29356
972,825,36559
972,826,29991
972,828,62890
972,830,29567
972,832,29973
972,836,62065
972,838,66004
972,839,30253
972,840,29791
973,1,43266
973,4,68967
973,13,85970
973,20,44806
973,154,45507
973,807,44852
973,815,48189
973,817,43729
973,822,21689
973,825,71569
973,826,44352
973,828,45770
973,832,44366
973,835,70671
973,836,23445
973,838,22547
973,839,45259
973,840,44171
974,1,24155
974,8,24833
974,13,49476
974,18,50522
974,20,24306
974,154,24660
974,815,91824
974,817,24183
974,822,24308
974,825,51019
974,826,24406
974,828,24949
974,830,51021
974,832,24427
974,835,25472
974,836,25813
974,838,24768
974,839,73437
974,840,51938
975,1,23061
975,4,23526
975,8,47260
975,20,54941
975,154,31256
975,807,26764
975,815,23229
975,817,23309
975,822,22946
975,825,28869
975,826,124462
975,828,24047
975,835,24423
975,836,75959
975,838,23267
975,839,23409
975,840,22790
976,1,1373445
976,4,1349508
976,8,1637077
976,13,1347157
976,20,1375358
976,154,1395069
976,807,1350542
976,815,1645436
976,817,1372037
976,822,1385158
976,825,1348223
976,828,1364907
976,832,1349699
976,836,1426360
976,838,1371155
976,839,1381084
976,840,1350680
977,1,20761
977,8,21662
977,13,20977
977,20,21750
977,154,22026
977,807,21977
977,815,22030
977,817,21713
977,822,22387
977,826,72020
977,828,22339
977,832,21659
977,835,22233
977,836,22414
977,838,37920
977,839,22176
977,840,21332
978,1,27733
978,4,28269
978,8,57533
978,13,27583
978,20,63567
978,154,57359
978,807,30841
978,815,28942
978,817,27910
978,822,27858
978,825,28099
978,826,97063
978,828,28825
978,830,57203
978,836,91052
978,838,29337
978,839,29194
978,840,58184
979,1,21338
979,4,22399
979,8,21919
979,20,22317
979,154,22638
979,807,31860
979,814,22399
979,815,24017
979,822,22681
979,825,22684
979,826,22273
979,828,49276
979,830,33605
979,832,22745
979,835,22684
979,836,47211
979,838,28616
979,839,22441
979,840,21804
980,1,44394
980,4,24158
980,8,75869
980,13,45759
980,20,48093
980,154,45681
980,807,47046
980,815,78457
980,817,46080
980,822,45882
980,825,69473
980,826,45785
980,828,71012
980,832,48465
980,835,50876
980,838,53081
980,839,76210
980,840,47806
981,1,23725
981,4,24442
981,8,25367
981,13,25078
981,20,24307
981,154,57740
981,807,24418
981,815,25377
981,817,23951
981,822,23728
981,825,24384
981,826,25826
981,828,25310
981,830,64061
981,832,24865
981,835,31008
981,836,25212
981,839,24432
981,840,26131
982,1,107613
982,4,91832
982,13,184389
982,154,126052
982,807,210176
982,815,140626
982,817,138277
982,822,110332
982,825,175128
982,826,85095
982,828,219000
982,832,115590
982,835,142157
982,836,209772
982,838,149174
982,839,172632
982,840,121693
983,1,23489
983,4,25798
983,13,23791
983,20,23695
983,154,49331
983,807,50586
983,815,24314
983,817,24199
983,822,23676
983,825,23766
983,828,24719
983,830,23652
983,835,25558
983,836,25060
983,838,24580
983,839,24456
983,840,24109
983,842,25044
984,1,22724
984,4,24636
984,8,23699
984,13,22956
984,154,22781
984,807,23199
984,815,23634
984,817,23796
984,822,22876
984,825,23065
984,830,22620
984,835,25618
984,836,74294
984,838,46829
984,839,24078
984,840,46211
984,842,47757
985,1,23402
985,4,23796
985,8,23575
985,13,23772
985,20,47920
985,154,24897
985,815,24326
985,817,23604
985,822,46713
985,825,50380
985,826,24883
985,828,25841
985,830,47748
985,832,24525
985,836,31334
985,838,23578
985,839,24502
985,840,49446
985,843,48629
986,1,52598
986,4,22655
986,8,22540
986,13,22055
986,20,54416
986,154,51796
986,807,22587
986,815,45431
986,822,21758
986,825,22507
986,828,22736
986,830,22570
986,832,45887
986,836,23358
986,838,28044
986,839,22665
986,840,21825
986,842,22709
987,1,80460
987,4,77315
987,8,78920
987,13,76994
987,20,77492
987,154,97599
987,807,79582
987,815,77473
987,817,85488
987,822,77392
987,828,80819
987,830,100581
987,832,79709
987,836,64363
987,840,104583
987,842,80240
987,843,80943
988,1,21274
988,4,22541
988,8,21609
988,13,21449
988,20,21221
988,154,21850
988,807,29724
988,815,21869
988,817,23477
988,822,21478
988,825,21875
988,828,22176
988,830,21269
988,832,21956
988,836,22959
988,838,22125
988,839,21865
988,840,65064
988,842,21519
988,843,21598
989,1,21821
989,4,22573
989,8,21421
989,20,21787
989,154,23054
989,807,22628
989,815,22327
989,817,21440
989,822,21664
989,825,21983
989,830,20953
989,832,23868
989,838,22474
989,839,21854
989,840,46901
989,843,44509
989,844,45078
990,1,24302
990,4,49574
990,8,25018
990,20,24524
990,154,76801
990,807,48836
990,815,49669
990,822,26105
990,825,49735
990,828,25194
990,830,30381
990,832,51075
990,838,50212
990,839,49315
990,840,58250
990,842,49792
990,843,61599
990,844,50702
990,845,50365
991,1,22464
991,4,24110
991,8,22913
991,20,23009
991,154,46716
991,807,46951
991,815,45190
991,817,45733
991,822,22097
991,825,22973
991,828,22785
991,830,45311
991,832,47052
991,838,23730
991,839,45918
991,840,22661
991,842,58600
991,843,47242
991,844,23392
991,845,46439
992,1,41706
992,4,78081
992,8,51161
992,20,40860
992,154,44482
992,815,54283
992,817,19925
992,822,20192
992,825,57386
992,828,117112
992,830,19765
992,832,42483
992,838,83728
992,840,40973
992,842,42069
992,843,63257
992,844,43088
993,1,22085
993,4,21721
993,20,46327
993,815,44680
993,817,21618
993,822,23213
993,825,22917
993,828,22100
993,830,21740
993,832,22409
993,838,27416
993,839,47910
993,840,21351
993,843,45103
993,844,21995
993,845,67948
994,1,23739
994,4,24241
994,8,24263
994,20,23964
994,154,49309
994,807,25213
994,815,29379
994,817,24542
994,822,24020
994,825,24237
994,828,24291
994,830,24111
994,832,24874
994,838,52255
994,839,24663
994,840,89843
994,842,24296
994,843,24326
994,844,23870
994,845,82543
995,1,23335
995,4,23099
995,8,23645
995,20,23529
995,154,24400
995,807,24521
995,815,47804
995,817,23279
995,822,23775
995,825,24008
995,828,23529
995,830,23137
995,832,24416
995,838,64545
995,839,25353
995,842,24107
995,844,23666
995,845,23531
996,1,24310
996,4,50577
996,8,24289
996,20,63641
996,154,29996
996,807,25016
996,817,24309
996,822,58621
996,825,25419
996,828,24295
996,830,24395
996,832,25423
996,838,24399
996,840,26576
996,843,24297
996,844,25026
996,845,26273
997,1,42225
997,4,21588
997,8,21552
997,20,23912
997,154,22121
997,815,22863
997,817,43209
997,825,22138
997,828,21519
997,830,21214
997,832,49592
997,838,69083
997,839,22527
997,840,44480
997,842,22011
997,844,21364
997,845,47932
998,1,28982
998,4,56754
998,8,67558
998,20,56851
998,154,29254
998,807,28719
998,815,57487
998,817,56195
998,822,27894
998,825,28450
998,828,28207
998,830,56458
998,832,57152
998,838,56942
998,839,29410
998,840,27774
998,842,58442
998,844,27865
998,845,28224
999,1,18978
999,4,61002
999,8,39635
999,20,18657
999,154,62688
999,807,61148
999,815,25130
999,822,52467
999,825,82296
999,828,18840
999,830,58126
999,832,60327
999,838,39399
999,839,19570
999,840,39002
999,842,39318
999,843,39294
999,844,61120
999,845,45884
1000,1,21480
1000,4,21795
1000,8,46300
1000,20,23111
1000,154,21733
1000,807,44616
1000,815,22561
1000,817,21364
1000,822,21337
1000,825,25126
1000,828,22640
1000,832,21914
1000,838,21732
1000,839,22258
1000,840,21291
1000,842,21684
1000,843,21831
1000,845,21509
1001,1,41747
1001,8,61818
1001,20,41835
1001,154,43528
1001,815,42824
1001,822,73267
1001,825,44325
1001,828,42269
1001,830,42283
1001,832,42366
1001,838,65942
1001,839,42807
1001,840,42633
1001,842,43089
1001,843,47400
1001,845,42130
1002,1,23728
1002,8,23862
1002,20,56520
1002,154,24779
1002,807,49690
1002,815,25655
1002,817,24805
1002,822,23763
1002,825,38563
1002,828,55567
1002,830,24003
1002,832,25774
1002,838,24094
1002,839,24827
1002,840,26440
1002,842,27792
1002,844,24084
1002,845,25245
1003,1,28946
1003,4,29922
1003,8,29513
1003,20,28722
1003,154,29517
1003,807,31183
1003,815,84879
1003,817,28779
1003,822,28542
1003,825,89443
1003,828,28860
1003,830,29681
1003,832,30242
1003,838,30234
1003,840,28767
1003,842,28931
1003,843,59376
1003,844,29310
1003,845,64499
1004,1,29551
1004,4,30348
1004,8,29531
1004,20,29798
1004,154,30469
1004,807,30625
1004,815,29924
1004,817,37446
1004,822,29794
1004,825,29904
1004,828,60197
1004,830,29370
1004,832,30021
1004,838,29636
1004,839,30642
1004,840,29266
1004,843,29418
1004,844,30397
1004,845,29912
1005,1,22614
1005,4,27454
1005,8,22781
1005,20,22748
1005,154,23692
1005,807,23555
1005,815,23635
1005,817,22864
1005,822,22777
1005,825,29007
1005,828,23244
1005,830,28789
1005,832,23477
1005,838,23159
1005,839,23316
1005,840,53461
1005,842,23376
1005,843,23110
1005,844,65563
1005,845,47307
1006,1,47608
1006,8,23714
1006,20,24449
1006,154,35104
1006,807,24681
1006,815,25723
1006,822,23478
1006,825,23723
1006,828,23940
1006,830,23446
1006,832,29319
1006,838,48260
1006,839,24534
1006,840,83954
1006,842,48084
1006,843,23819
1006,844,34812
1006,845,47401
1007,1,44668
1007,8,22017
1007,20,44435
1007,154,46159
1007,807,23037
1007,815,23755
1007,817,22022
1007,822,68504
1007,825,22390
1007,828,31406
1007,830,44263
1007,832,22660
1007,838,22174
1007,839,50562
1007,840,47822
1007,842,45625
1007,843,45608
1007,844,22588
1007,845,22732
1008,1,22641
1008,4,56799
1008,8,22766
1008,20,45234
1008,154,23403
1008,815,23505
1008,817,23300
1008,822,45682
1008,825,23115
1008,828,23377
1008,830,23432
1008,832,47709
1008,838,22618
1008,839,58424
1008,840,48891
1008,842,23757
1008,843,23422
1008,844,23593
1008,845,23273
1009,1,21283
1009,4,21726
1009,20,22630
1009,154,22354
1009,815,22112
1009,817,21061
1009,822,42889
1009,825,21587
1009,830,21057
1009,832,21964
1009,838,22317
1009,839,21979
1009,840,22189
1009,842,22493
1009,843,41012
1009,844,21828
1009,845,22755
1010,1,21515
1010,8,23299
1010,9,77229
1010,20,21995
1010,154,29981
1010,807,21588
1010,815,23234
1010,817,33027
1010,822,22014
1010,825,22388
1010,826,22086
1010,830,21157
1010,840,22471
1010,841,27172
1010,842,21269
1010,844,22306
1010,846,21627
1010,847,43232
1010,848,21780
1011,1,48579
1011,8,51268
1011,9,48980
1011,20,82633
1011,154,32082
1011,807,50751
1011,815,53934
1011,817,25676
1011,822,49298
1011,825,50930
1011,826,57269
1011,830,50928
1011,832,95562
1011,840,60938
1011,841,52605
1011,842,52041
1011,844,48876
1011,846,48892
1011,847,49545
1011,848,50501
1012,1,46241
1012,8,23888
1012,9,32627
1012,20,45065
1012,154,46781
1012,807,24107
1012,815,23733
1012,817,23506
1012,822,46279
1012,825,47347
1012,826,86513
1012,830,45588
1012,832,68410
1012,840,46981
1012,841,50321
1012,842,67431
1012,844,47148
1012,846,106900
1012,847,48297
1012,848,23215
1013,1,19993
1013,8,21401
1013,9,56809
1013,20,19981
1013,154,20906
1013,807,42195
1013,815,20939
1013,817,20884
1013,822,20006
1013,825,40977
1013,826,21013
1013,830,20973
1013,832,19755
1013,840,23099
1013,841,20776
1013,844,40239
1013,846,41899
1013,847,41226
1013,848,20720
1014,1,44776
1014,8,44891
1014,9,44096
1014,20,45389
1014,154,45111
1014,807,22193
1014,815,45677
1014,817,45081
1014,822,44052
1014,825,45017
1014,826,55870
1014,830,44957
1014,832,43013
1014,840,23321
1014,841,45888
1014,842,44658
1014,844,45284
1014,846,21579
1014,847,44288
1014,848,60936
1015,1,24266
1015,8,26299
1015,9,23946
1015,20,24483
1015,154,24219
1015,807,25532
1015,815,28463
1015,817,24269
1015,822,49806
1015,825,25419
1015,826,24023
1015,830,24011
1015,832,23795
1015,840,24591
1015,841,35651
1015,842,48019
1015,844,51669
1015,846,25026
1015,847,26165
1015,848,25062
1016,1,23662
1016,8,50008
1016,9,48329
1016,20,23782
1016,154,24071
1016,807,24030
1016,815,24076
1016,817,23927
1016,822,47450
1016,825,24381
1016,826,23825
1016,830,23426
1016,832,24727
1016,840,23727
1016,841,23884
1016,842,23485
1016,844,23732
1016,847,23686
1016,848,37950
1017,1,30186
1017,8,29975
1017,9,29792
1017,20,60512
1017,154,30837
1017,807,30884
1017,815,37286
1017,817,31031
1017,822,30412
1017,825,30832
1017,826,30233
1017,830,30118
1017,832,29920
1017,840,30849
1017,841,62539
1017,842,30228
1017,844,30203
1017,846,30576
1017,847,69444
1017,848,30279
1018,1,30067
1018,8,21709
1018,9,21525
1018,20,47487
1018,154,22265
1018,807,21985
1018,815,22330
1018,817,22305
1018,822,22552
1018,825,61776
1018,826,25091
1018,830,21110
1018,832,21266
1018,840,21982
1018,841,21672
1018,842,22239
1018,844,21878
1018,846,21547
1018,847,22772
1018,848,21225
1019,1,28905
1019,8,28364
1019,9,28694
1019,20,66489
1019,154,33562
1019,807,28926
1019,815,97043
1019,817,56797
1019,822,56670
1019,825,32767
1019,826,58188
1019,830,55777
1019,832,27980
1019,840,59474
1019,842,27905
1019,844,56906
1019,846,56194
1019,847,30245
1019,848,28954
1020,1,178866
1020,8,91635
1020,9,104058
1020,20,103762
1020,154,113323
1020,807,62874
1020,817,21224
1020,822,84892
1020,825,125009
1020,826,89559
1020,830,101859
1020,832,64038
1020,840,106542
1020,841,91577
1020,842,90106
1020,844,62780
1020,846,41644
1020,847,104429
1020,848,83740
1021,1,44270
1021,8,22205
1021,9,21754
1021,20,24819
1021,154,22035
1021,807,21734
1021,815,21901
1021,817,22498
1021,822,55072
1021,825,21618
1021,826,23002
1021,830,42869
1021,832,21832
1021,840,43648
1021,841,23218
1021,842,22104
1021,844,21575
1021,846,26066
1021,847,21333
1021,848,23676
1022,1,23497
1022,8,90942
1022,9,24247
1022,20,45649
1022,154,22912
1022,807,46475
1022,815,23133
1022,817,27620
1022,822,22579
1022,825,22584
1022,826,22834
1022,832,59291
1022,840,48024
1022,841,23044
1022,842,22772
1022,844,22449
1022,846,23182
1022,847,22442
1022,848,22506
1023,1,47643
1023,8,56961
1023,9,55702
1023,20,88670
1023,154,51602
1023,807,24092
1023,815,25340
1023,817,24320
1023,822,23700
1023,825,49378
1023,826,24479
1023,830,55514
1023,832,27010
1023,840,43257
1023,841,25698
1023,842,24363
1023,844,23833
1023,846,24311
1023,847,24198
1023,848,29830
1024,1,28930
1024,8,29992
1024,9,59354
1024,20,29384
1024,154,73032
1024,807,58715
1024,815,29082
1024,817,30756
1024,822,29234
1024,825,60319
1024,826,63510
1024,830,28846
1024,832,30623
1024,840,98130
1024,841,58030
1024,842,32482
1024,844,29168
1024,846,30397
1024,847,38752
1024,848,28606
1025,1,29751
1025,8,61550
1025,9,60764
1025,20,29860
1025,807,64050
1025,815,30271
1025,817,36031
1025,822,29436
1025,825,30509
1025,826,60324
1025,830,29978
1025,832,30103
1025,840,30168
1025,841,68420
1025,842,29935
1025,844,58949
1025,846,29290
1025,847,29857
1025,848,29854
1026,1,47173
1026,8,47632
1026,9,49704
1026,20,47245
1026,154,23478
1026,807,24132
1026,815,46181
1026,817,23292
1026,822,46157
1026,825,48129
1026,826,23293
1026,832,23476
1026,840,23292
1026,841,46763
1026,842,23180
1026,844,77362
1026,846,49296
1026,847,23792
1026,848,46655
1027,1,22269
1027,8,45717
1027,9,47176
1027,20,21862
1027,154,24128
1027,807,22484
1027,815,22357
1027,817,22345
1027,822,22179
1027,825,23084
1027,826,44523
1027,830,24493
1027,832,44420
1027,840,22745
1027,841,43411
1027,842,45307
1027,844,47788
1027,847,22887
1027,848,44195
1028,1,23943
1028,8,49230
1028,9,24164
1028,154,24583
1028,807,47929
1028,815,24207
1028,817,23751
1028,822,47970
1028,825,49660
1028,826,51277
1028,830,47160
1028,832,24784
1028,840,49762
1028,841,49436
1028,842,48455
1028,844,53001
1028,846,50454
1028,847,52450
1028,848,81018
1029,1,69030
1029,8,47304
1029,9,101160
1029,20,46177
1029,154,47247
1029,807,69687
1029,815,46221
1029,817,60251
1029,822,46358
1029,825,47370
1029,826,46137
1029,830,68068
1029,832,22770
1029,840,48187
1029,841,46679
1029,842,46506
1029,844,46008
1029,846,46736
1029,847,68140
1029,848,46144
1030,1,22178
1030,8,22410
1030,9,21688
1030,20,47629
1030,154,21968
1030,807,21578
1030,815,22230
1030,817,43528
1030,822,21145
1030,825,21531
1030,826,21496
1030,830,21023
1030,832,43394
1030,840,50620
1030,841,44165
1030,844,42971
1030,846,22974
1030,847,22272
1030,848,22028
1031,1,38215
1031,8,44798
1031,20,64299
1031,154,23280
1031,815,38929
1031,822,38344
1031,826,64047
1031,832,65696
1031,839,41309
1031,841,66137
1031,842,42377
1031,844,63476
1031,846,63721
1031,847,21417
1031,848,60156
1031,849,63464
1032,1,21729
1032,8,21459
1032,154,22444
1032,815,22761
1032,817,21603
1032,822,21376
1032,825,21977
1032,826,22197
1032,830,42028
1032,832,47856
1032,840,22118
1032,841,21667
1032,842,44230
1032,844,39715
1032,846,22406
1032,847,21697
1032,848,21505
1032,849,22745
1033,1,67010
1033,8,49427
1033,20,50166
1033,154,22591
1033,815,45314
1033,817,43993
1033,822,65122
1033,825,23621
1033,826,46253
1033,830,42797
1033,832,49569
1033,839,46141
1033,840,67672
1033,841,67196
1033,842,22740
1033,844,44830
1033,846,45754
1033,847,64599
1033,848,45220
1033,849,133867
1034,1,28805
1034,8,80675
1034,20,29439
1034,154,33816
1034,817,29559
1034,822,64173
1034,830,56481
1034,832,64765
1034,839,30768
1034,840,28716
1034,841,28355
1034,842,29414
1034,844,29520
1034,846,30289
1034,847,29302
1034,848,62142
1034,849,31371
1035,1,57808
1035,8,29296
1035,20,56519
1035,154,59180
1035,807,86103
1035,817,84811
1035,822,56596
1035,825,58323
1035,826,56401
1035,830,58101
1035,832,64636
1035,839,28093
1035,840,56209
1035,841,55585
1035,842,56662
1035,844,29419
1035,846,56823
1035,847,85414
1035,848,56275
1035,849,85831
1036,1,45230
1036,8,44511
1036,20,21820
1036,154,47222
1036,815,22641
1036,817,21837
1036,822,67060
1036,825,24148
1036,826,45115
1036,830,43133
1036,832,44244
1036,839,22366
1036,840,44739
1036,841,44037
1036,842,44635
1036,844,22274
1036,846,43860
1036,847,44597
1036,848,43467
1036,849,44797
1037,1,23298
1037,8,22960
1037,20,22982
1037,154,23636
1037,815,23175
1037,817,23586
1037,822,25548
1037,825,50495
1037,826,23769
1037,830,23314
1037,839,24305
1037,840,23689
1037,842,22681
1037,844,55778
1037,846,23046
1037,848,22738
1037,849,47009
1038,1,1573178
1038,8,1545439
1038,154,1556124
1038,815,1551682
1038,817,1549135
1038,822,1546674
1038,825,40078
1038,826,1550059
1038,830,1548945
1038,832,1546767
1038,839,1548513
1038,840,1517308
1038,841,1577303
1038,842,1543975
1038,844,24344
1038,846,1546621
1038,847,1553187
1038,848,1557908
1038,849,1549465
1039,1,2800388
1039,8,2741369
1039,20,2812686
1039,154,2705017
1039,815,2804880
1039,817,2804005
1039,822,2802282
1039,826,2799562
1039,839,17455
1039,840,1480049
1039,844,2786368
1039,846,2805287
1039,847,2781685
1039,848,2803954
1040,1,41352
1040,8,33317
1040,20,29395
1040,154,60042
1040,815,29602
1040,817,30112
1040,822,29750
1040,825,30188
1040,826,29662
1040,830,28748
1040,839,30068
1040,841,29767
1040,842,59179
1040,844,30261
1040,846,68476
1040,847,89273
1040,848,60322
1040,849,29862
1041,1,47163
1041,8,55881
1041,20,46982
1041,154,23635
1041,807,45386
1041,815,45492
1041,817,44689
1041,822,22625
1041,825,46130
1041,826,53353
1041,830,44674
1041,832,45144
1041,841,45254
1041,842,45542
1041,844,45671
1041,846,21991
1041,847,22496
1041,848,23562
1041,849,48800
1042,1,27162
1042,8,29061
1042,20,26666
1042,154,26985
1042,815,52812
1042,817,26999
1042,822,26512
1042,825,27300
1042,826,60154
1042,830,26394
1042,832,27299
1042,839,28535
1042,840,73797
1042,841,26473
1042,842,27204
1042,844,26940
1042,846,62557
1042,847,32991
1042,848,52169
1042,849,26739
1043,1,61307
1043,8,29863
1043,20,70431
1043,154,61621
1043,815,60540
1043,817,30204
1043,822,59729
1043,825,30708
1043,826,60086
1043,830,29427
1043,832,60564
1043,839,30559
1043,840,103385
1043,841,29745
1043,844,30243
1043,846,59886
1043,847,29707
1043,848,59322
1043,849,29892
1044,1,23860
1044,8,85301
1044,20,49423
1044,154,58108
1044,815,25163
1044,817,46678
1044,822,46251
1044,825,178516
1044,826,23417
1044,830,69561
1044,832,47447
1044,839,49194
1044,840,47380
1044,841,25432
1044,842,46957
1044,844,47962
1044,846,46370
1044,847,45580
1044,848,45092
1044,849,61337
1045,1,1212385
1045,8,1219087
1045,20,1207260
1045,815,1212348
1045,817,1209156
1045,822,1233550
1045,825,1247004
1045,826,1224466
1045,830,1240007
1045,832,1207304
1045,839,1210276
1045,840,1154123
1045,841,1203887
1045,842,1184867
1045,844,1204309
1045,846,1203243
1045,847,1214472
1045,848,1209627
1045,849,1206267
1046,8,77605
1046,20,79105
1046,815,48721
1046,817,49169
1046,822,77426
1046,825,50940
1046,826,48333
1046,832,49015
1046,839,24414
1046,840,24684
1046,841,49361
1046,842,49654
1046,846,49130
1046,847,102432
1046,848,47519
1046,849,24297
1046,850,79854
1046,851,90579
1047,1,22406
1047,8,22012
1047,20,22040
1047,817,22123
1047,822,21587
1047,825,45812
1047,826,25724
1047,830,21289
1047,832,22140
1047,839,21615
1047,840,22036
1047,841,21480
1047,842,22000
1047,844,22178
1047,846,21840
1047,847,22085
1047,848,21508
1047,849,43741
1047,850,78047
1051,1,50616
1051,4,25991
1051,8,51807
1051,20,25726
1051,815,50839
1051,817,25562
1051,822,36341
1051,830,75940
1051,832,25639
1051,839,25517
1051,840,26157
1051,841,51334
1051,842,51739
1051,844,25799
1051,846,51871
1051,847,61127
1051,849,25811
1051,852,52333
1051,853,26515
1051,854,25881
1052,1,48915
1052,4,49148
1052,8,48153
1052,20,24626
1052,815,72289
1052,817,49343
1052,822,81725
1052,830,48615
1052,832,48694
1052,839,49697
1052,840,50409
1052,841,56221
1052,842,87638
1052,844,49101
1052,846,50539
1052,847,48869
1052,849,50029
1052,852,49374
1052,854,51141
1053,1,1630911
1053,4,1576837
1053,8,1585784
1053,20,1607076
1053,815,1625766
1053,817,1609167
1053,822,30167
1053,830,1651170
1053,832,1613067
1053,839,1627926
1053,840,1588618
1053,841,1618754
1053,842,1572967
1053,844,1640486
1053,846,1615607
1053,847,29983
1053,852,1585360
1053,853,1598551
1053,854,1656170
1054,1,71497
1054,4,69515
1054,20,69768
1054,815,70597
1054,817,72959
1054,822,96960
1054,830,97884
1054,832,70165
1054,839,70548
1054,840,70467
1054,841,71883
1054,842,69844
1054,844,70992
1054,846,70910
1054,847,73130
1054,849,70295
1054,852,71010
1054,853,96946
1054,854,70718
1055,1,44298
1055,4,45522
1055,8,21572
1055,20,45060
1055,815,43727
1055,817,44168
1055,822,43949
1055,830,45157
1055,832,43635
1055,839,22798
1055,840,43188
1055,841,77544
1055,842,54107
1055,844,43905
1055,846,44331
1055,847,45733
1055,849,70501
1055,853,45600
1055,854,46316
1056,1,48027
1056,4,23803
1056,8,24077
1056,20,24369
1056,815,24548
1056,817,24715
1056,830,23746
1056,832,24150
1056,839,23935
1056,840,23474
1056,841,24521
1056,842,24428
1056,846,23874
1056,847,23928
1056,849,23703
1056,852,24430
1056,853,25202
1056,854,24797
1057,1,2038825
1057,4,2070109
1057,8,2051549
1057,20,2035202
1057,815,2035617
1057,817,2050239
1057,822,2076931
1057,830,19769
1057,832,2047907
1057,841,2072800
1057,842,2037071
1057,844,2037472
1057,846,2046808
1057,847,2097609
1057,849,2070324
1057,852,2038722
1057,853,1998956
1057,854,2143022
1058,1,42859
1058,4,21131
1058,8,21227
1058,20,21546
1058,815,44438
1058,817,21410
1058,822,21752
1058,830,20936
1058,832,21226
1058,839,21238
1058,840,20936
1058,841,21210
1058,844,50310
1058,846,21692
1058,847,83624
1058,849,48372
1058,852,21234
1058,853,22759
1058,854,22400
1059,1,30263
1059,4,31288
1059,8,31327
1059,20,31069
1059,815,29682
1059,817,29951
1059,822,30572
1059,830,59926
1059,832,30534
1059,839,30207
1059,840,30996
1059,841,30586
1059,842,30781
1059,844,62166
1059,846,30531
1059,847,30092
1059,849,29775
1059,852,30226
1059,853,30983
1059,854,31457
1060,1,42426
1060,4,22663
1060,8,21896
1060,20,41927
1060,815,21735
1060,817,21151
1060,822,21071
1060,830,42326
1060,832,21431
1060,840,42863
1060,841,48251
1060,842,43414
1060,844,21143
1060,846,26474
1060,847,21606
1060,849,21152
1060,852,47749
1060,853,45182
1060,854,21798
1061,1,2088642
1061,4,2088323
1061,8,2091094
1061,20,2083367
1061,815,2161227
1061,817,2080098
1061,822,2077358
1061,832,2096631
1061,839,2095766
1061,840,2096074
1061,841,2098387
1061,842,2124109
1061,844,2076164
1061,846,2083924
1061,847,2100355
1061,849,2104707
1061,852,2104829
1061,853,2106230
1061,854,2105047
1062,1,1513714
1062,4,1513624
1062,8,1550924
1062,20,1515475
1062,817,1513242
1062,830,1556058
1062,832,1517264
1062,839,1511354
1062,841,1570886
1062,842,1540292
1062,846,38267
1062,847,1509047
1062,849,1516220
1062,852,1516189
1062,853,1481135
1062,854,1515968
1064,1,57840
1064,4,19018
1064,9,19708
1064,20,37345
1064,815,37842
1064,817,19449
1064,822,40603
1064,830,37720
1064,832,20327
1064,839,19240
1064,840,19389
1064,841,39092
1064,842,19163
1064,844,19490
1064,846,20443
1064,847,44167
1064,849,20646
1064,852,19850
1064,853,19999
1064,854,60151
1065,1,25619
1065,4,24797
1065,9,24501
1065,20,51084
1065,815,23906
1065,817,23812
1065,822,24308
1065,830,32456
1065,832,24283
1065,839,30333
1065,840,24846
1065,841,67741
1065,844,24557
1065,846,24168
1065,847,24156
1065,849,24168
1065,853,80651
1065,854,24714
1066,1,59923
1066,4,60859
1066,8,60233
1066,20,61370
1066,815,68339
1066,817,64633
1066,822,59505
1066,830,60595
1066,832,61392
1066,839,63165
1066,840,73365
1066,841,64042
1066,842,61269
1066,844,64497
1066,846,62494
1066,847,62746
1066,849,30056
1066,852,92064
1066,853,64058
1066,854,29996
1067,1,22684
1067,4,29116
1067,8,23164
1067,20,47014
1067,815,22463
1067,817,23028
1067,822,22962
1067,830,22442
1067,832,28353
1067,840,35509
1067,841,23150
1067,842,29310
1067,844,23646
1067,846,23239
1067,847,23551
1067,849,24104
1067,852,23329
1067,853,23829
1067,854,23892
1069,1,48157
1069,4,70734
1069,8,48281
1069,20,48826
1069,815,48622
1069,817,48212
1069,822,48063
1069,830,47779
1069,832,50280
1069,839,64719
1069,840,47282
1069,841,47495
1069,842,23745
1069,844,47816
1069,846,49933
1069,847,48552
1069,849,56263
1069,852,47331
1069,853,79453
1069,854,48540
1070,1,22373
1070,4,23985
1070,8,22424
1070,20,22277
1070,815,22114
1070,817,60941
1070,822,103250
1070,830,21908
1070,832,22031
1070,839,23100
1070,840,49642
1070,841,22205
1070,842,22549
1070,844,22085
1070,846,22534
1070,847,21984
1070,849,46420
1070,853,48731
1071,1,81924
1071,4,59831
1071,8,83297
1071,20,83445
1071,815,105181
1071,817,60918
1071,822,81855
1071,830,81211
1071,832,82899
1071,839,60607
1071,840,60880
1071,841,82090
1071,842,84202
1071,844,81445
1071,846,106092
1071,847,85133
1071,849,82831
1071,852,121323
1071,853,60008
1071,854,127846
1072,1,2103110
1072,4,2163178
1072,8,2142340
1072,20,2111053
1072,815,1023329
1072,817,2084325
1072,822,2107083
1072,830,2083966
1072,832,2101812
1072,839,2085416
1072,840,2151083
1072,841,2099666
1072,842,2094062
1072,844,2115208
1072,846,2154852
1072,847,1042134
1072,849,2148529
1072,852,2134925
1072,853,1019226
1073,1,21595
1073,4,21304
1073,8,22338
1073,20,21221
1073,815,64269
1073,817,43505
1073,822,21669
1073,830,64476
1073,832,22213
1073,839,21677
1073,840,44949
1073,841,22283
1073,842,44053
1073,844,43634
1073,846,43553
1073,849,21241
1073,852,44364
1073,854,44194
1074,1,76576
1074,4,74782
1074,807,79825
1074,815,74166
1074,817,74939
1074,822,76237
1074,825,77405
1074,830,74236
1074,832,73391
1074,839,80110
1074,840,77735
1074,842,50450
1074,844,74152
1074,846,76910
1074,847,76796
1074,848,75499
1074,849,73893
1074,852,74633
1074,854,50800
1074,855,79366
1075,1,21788
1075,4,21543
1075,807,21425
1075,815,20481
1075,817,20650
1075,822,45271
1075,825,22374
1075,830,20731
1075,832,21521
1075,839,21141
1075,840,22339
1075,842,22820
1075,844,21038
1075,846,20383
1075,847,21415
1075,848,20683
1075,855,48837
1076,1,17877
1076,4,37190
1076,815,17434
1076,817,18150
1076,822,18413
1076,825,19111
1076,830,18281
1076,839,19128
1076,840,57204
1076,842,18926
1076,844,17973
1076,846,17556
1076,847,18479
1076,848,19845
1076,849,36488
1076,852,18443
1076,854,19039
1076,855,18380
1077,1,32740
1077,20,30484
1077,815,59993
1077,817,92939
1077,822,40957
1077,825,33765
1077,830,59943
1077,839,31409
1077,840,32667
1077,842,30405
1077,844,98396
1077,846,30070
1077,847,31079
1077,848,30793
1077,849,31125
1077,852,30372
1077,854,62304
1077,855,32203
1078,1,18820
1078,4,21638
1078,20,19861
1078,815,36952
1078,817,38764
1078,822,19614
1078,825,40433
1078,830,18798
1078,832,22063
1078,839,19019
1078,840,19074
1078,842,38550
1078,844,19697
1078,846,19986
1078,847,19035
1078,848,20059
1078,849,19185
1078,852,38488
1078,854,52794
1079,1,75400
1079,4,69696
1079,20,44992
1079,815,65345
1079,817,66677
1079,822,45528
1079,825,53510
1079,830,66080
1079,832,66510
1079,839,67123
1079,840,70039
1079,842,71793
1079,844,21794
1079,846,67422
1079,847,67008
1079,848,92808
1079,849,68261
1079,852,68201
1079,854,46709
1079,855,23109
1080,1,1235584
1080,4,1206584
1080,20,1219593
1080,815,1221007
1080,817,1194729
1080,822,1212564
1080,830,1229514
1080,832,1199459
1080,839,1211360
1080,840,1260096
1080,842,1233716
1080,844,1230566
1080,846,1257268
1080,847,1202897
1080,848,1244425
1080,849,1281873
1080,852,1250799
1080,854,64491
1080,855,1199829
1081,1,42301
1081,4,20571
1081,20,20249
1081,815,45728
1081,817,21794
1081,822,20979
1081,825,21555
1081,830,42190
1081,839,22638
1081,840,22059
1081,842,22698
1081,844,23212
1081,846,21443
1081,847,41065
1081,848,47117
1081,849,51464
1081,852,64583
1081,854,49204
1081,855,23001
1082,1,47686
1082,4,48918
1082,20,47087
1082,817,52770
1082,822,26089
1082,825,38262
1082,830,47921
1082,832,49096
1082,839,49629
1082,840,25252
1082,842,47170
1082,844,26199
1082,846,67166
1082,847,48020
1082,848,47334
1082,849,54054
1082,852,46698
1082,855,48261
1083,1,3105721
1083,4,3113274
1083,20,3125687
1083,815,3100229
1083,817,3153520
1083,822,3055732
1083,825,3093086
1083,830,3124723
1083,832,3088761
1083,839,2981102
1083,840,3127429
1083,842,3078582
1083,844,3065165
1083,846,3100821
1083,849,3109171
1083,852,3076068
1083,854,3125153
1084,1,45723
1084,4,67631
1084,20,43695
1084,815,23681
1084,817,43245
1084,822,46955
1084,825,44293
1084,830,64785
1084,832,42704
1084,839,43864
1084,840,43383
1084,842,50334
1084,844,64501
1084,846,50008
1084,847,59932
1084,848,44423
1084,849,42928
1084,852,43268
1084,854,45000
1084,855,51564
1085,1,37189
1085,4,36524
1085,20,36671
1085,815,38061
1085,817,36264
1085,822,74375
1085,825,73182
1085,830,35266
1085,832,83750
1085,839,44747
1085,840,39844
1085,842,35969
1085,846,37539
1085,847,38277
1085,848,37380
1085,849,74439
1085,852,37648
1085,854,73707
1085,855,87234
1086,1,43794
1086,4,22083
1086,20,46432
1086,815,42285
1086,817,43079
1086,822,22272
1086,825,75998
1086,830,42579
1086,832,46276
1086,839,23581
1086,840,43394
1086,842,43164
1086,844,65291
1086,846,45422
1086,847,44506
1086,848,77338
1086,849,73094
1086,852,65721
1086,854,45519
1086,855,50539
1087,4,46595
1087,20,46055
1087,815,44999
1087,817,46231
1087,825,50211
1087,830,45204
1087,832,45293
1087,839,47002
1087,840,46904
1087,842,45399
1087,844,70721
1087,846,46596
1087,847,45802
1087,848,47749
1087,849,83407
1087,852,54308
1087,854,49140
1087,855,47108
1088,1,52365
1088,4,56841
1088,20,74605
1088,815,70936
1088,817,93619
1088,822,40790
1088,825,82333
1088,830,73012
1088,832,70362
1088,839,55098
1088,840,73678
1088,842,70034
1088,844,71748
1088,846,61684
1088,847,61464
1088,848,73858
1088,849,75527
1088,852,90751
1088,854,83054
1088,855,79297
1089,1,24282
1089,815,46997
1089,817,25164
1089,822,24758
1089,825,55010
1089,830,47882
1089,832,48253
1089,839,24336
1089,840,24254
1089,842,25376
1089,844,71154
1089,846,51498
1089,847,49189
1089,849,51045
1089,852,47913
1089,854,24817
1089,855,25366
1089,856,24628
1091,1,41019
1091,20,29704
1091,815,29550
1091,817,30946
1091,822,32167
1091,825,71850
1091,830,59182
1091,832,30603
1091,840,29863
1091,842,29867
1091,844,32058
1091,846,30528
1091,847,123195
1091,852,31293
1091,854,65923
1092,1,421563
1092,4,445066
1092,20,433865
1092,815,417839
1092,817,427126
1092,822,432422
1092,825,427623
1092,830,411707
1092,839,418773
1092,840,448338
1092,842,499262
1092,844,415872
1092,846,430851
1092,847,429785
1092,849,432458
1092,852,450673
1092,854,425465
1092,855,458834
1093,1,48497
1093,4,63577
1093,20,62464
1093,815,48204
1093,817,50642
1093,822,25013
1093,825,29039
1093,830,56120
1093,839,49527
1093,840,25417
1093,842,52588
1093,844,48069
1093,846,47728
1093,847,78494
1093,848,48935
1093,849,49516
1093,852,46929
1093,854,49860
1093,855,52341
1094,1,23194
1094,4,23159
1094,20,22534
1094,815,24892
1094,817,22280
1094,822,23863
1094,825,23722
1094,830,22487
1094,832,23469
1094,839,22343
1094,840,46628
1094,842,29168
1094,844,22193
1094,846,22585
1094,847,45913
1094,848,23182
1094,849,47865
1094,852,22468
1094,854,23679
1094,855,24218
1095,1,47496
1095,4,76123
1095,20,48276
1095,815,46021
1095,822,48524
1095,830,86726
1095,832,72505
1095,839,48313
1095,840,47233
1095,842,69797
1095,844,76376
1095,846,54007
1095,847,47001
1095,848,71035
1095,849,76739
1095,852,70567
1095,854,49643
1095,855,49443
1096,1,21270
1096,4,21740
1096,20,23186
1096,815,42727
1096,817,21893
1096,822,22573
1096,825,22387
1096,830,22735
1096,832,43505
1096,839,43629
1096,840,43616
1096,842,21855
1096,844,22210
1096,846,43793
1096,847,52174
1096,848,43591
1096,849,47597
1096,852,43853
1096,854,45806
1096,855,45594
1098,1,49372
1098,4,50669
1098,807,90924
1098,815,49355
1098,822,51042
1098,825,75908
1098,830,49199
1098,832,48727
1098,839,110946
1098,840,50088
1098,842,75500
1098,844,48989
1098,846,195334
1098,847,51468
1098,848,74432
1098,852,75457
1098,855,81236
1098,856,50252
1098,858,76317
1099,1,21102
1099,4,26879
1099,807,21567
1099,815,20715
1099,822,65504
1099,825,20870
1099,830,20824
1099,832,20760
1099,839,20762
1099,840,21150
1099,842,20719
1099,844,20026
1099,846,50796
1099,847,20828
1099,848,21397
1099,852,21414
1099,855,42985
1099,856,21116
1099,857,31534
1099,858,21064
1100,1,3656286
1100,4,3646319
1100,807,3676093
1100,815,3703013
1100,822,3662236
1100,825,961017
1100,830,3649370
1100,832,3691821
1100,839,1835789
1100,840,3648200
1100,842,1802206
1100,846,3679914
1100,847,949970
1100,852,3663107
1100,855,3685244
1100,856,1755971
1100,857,3684862
1100,858,1800797
1101,1,20324
1101,4,23148
1101,807,24748
1101,815,20389
1101,822,64333
1101,825,30951
1101,830,20707
1101,832,21970
1101,839,20367
1101,840,23161
1101,842,41404
1101,844,21126
1101,846,20346
1101,847,41848
1101,848,21103
1101,852,20497
1101,855,22247
1101,857,20902
1101,858,21015
1102,1,22150
1102,4,22631
1102,807,23120
1102,815,21884
1102,822,23158
1102,825,22616
1102,830,22688
1102,832,22278
1102,839,21942
1102,840,22651
1102,842,22417
1102,844,22068
1102,846,24090
1102,847,22335
1102,848,22482
1102,852,22390
1102,855,22796
1102,856,23487
1102,857,22205
1102,858,48938
1104,1,51279
1104,4,50330
1104,807,92891
1104,815,136656
1104,822,30395
1104,825,51052
1104,830,24798
1104,832,53552
1104,839,50540
1104,840,24656
1104,842,53851
1104,844,49905
1104,846,58091
1104,847,30980
1104,848,51280
1104,852,33706
1104,855,51401
1104,856,24539
1104,857,25851
1104,858,78096
1105,1,45306
1105,4,45454
1105,807,70039
1105,815,43312
1105,822,47788
1105,825,69215
1105,830,44598
1105,832,44696
1105,839,46222
1105,840,45726
1105,842,46998
1105,844,44781
1105,846,82648
1105,847,44329
1105,848,46768
1105,852,44185
1105,855,46319
1105,856,44498
1105,857,45232
1105,858,46410
1106,1,48088
1106,4,47959
1106,807,49080
1106,815,46499
1106,822,24038
1106,825,49424
1106,830,47554
1106,832,24133
1106,839,48100
1106,840,47550
1106,842,51632
1106,844,24343
1106,846,49432
1106,847,88943
1106,848,25064
1106,852,51169
1106,855,51670
1106,856,48746
1106,857,48264
1107,1,66132
1107,4,60964
1107,807,38669
1107,815,60350
1107,822,70890
1107,825,74491
1107,830,80703
1107,832,71246
1107,839,70598
1107,840,84865
1107,842,65998
1107,844,61288
1107,846,61454
1107,847,61910
1107,848,65982
1107,852,94615
1107,855,63751
1107,856,59440
1107,857,92016
1107,858,62074
1108,1,29169
1108,4,28679
1108,807,71975
1108,815,28060
1108,822,29662
1108,830,29056
1108,832,28869
1108,840,28561
1108,842,28458
1108,844,57049
1108,846,28438
1108,847,29455
1108,848,29634
1108,852,56956
1108,855,92260
1108,856,56655
1108,857,28655
1108,858,28847
1109,1,43702
1109,4,47068
1109,807,44877
1109,815,42742
1109,817,44161
1109,822,45356
1109,825,44905
1109,830,43087
1109,832,43453
1109,840,44313
1109,844,49856
1109,846,42971
1109,847,43561
1109,848,43838
1109,852,47351
1109,855,52064
1109,857,43201
1109,858,46198
1110,1,69269
1110,4,46883
1110,807,49809
1110,815,46394
1110,817,46133
1110,822,47148
1110,825,47210
1110,830,45899
1110,832,23303
1110,839,46424
1110,840,25397
1110,842,25664
1110,844,46372
1110,846,48756
1110,847,23837
1110,848,72140
1110,852,45347
1110,855,48494
1110,858,70617
1111,1,2511450
1111,4,2541860
1111,807,2507321
1111,815,2585715
1111,822,2497766
1111,825,2520933
1111,830,2581587
1111,832,2522867
1111,839,2552687
1111,840,2545639
1111,842,2536977
1111,844,59888
1111,846,2566798
1111,847,2593450
1111,848,2523676
1111,852,2521623
1111,855,85227
1111,857,2533581
1111,859,2559222
1112,1,24255
1112,4,24798
1112,807,50423
1112,815,23819
1112,822,24658
1112,825,49425
1112,830,24228
1112,832,25183
1112,839,24249
1112,840,25667
1112,842,52062
1112,844,23931
1112,846,23727
1112,847,24215
1112,848,24538
1112,855,50355
1112,857,55932
1112,858,24779
1112,859,48493
1113,1,66212
1113,4,83378
1113,807,35497
1113,815,28977
1113,822,30487
1113,825,64553
1113,830,29698
1113,832,29499
1113,839,29755
1113,842,31802
1113,844,32888
1113,846,29485
1113,847,60015
1113,848,59925
1113,855,60669
1113,857,29369
1113,858,94561
1113,859,32348
1114,1,48472
1114,4,48380
1114,807,70518
1114,815,2590513
1114,822,109314
1114,825,47674
1114,830,48078
1114,832,46449
1114,839,50845
1114,840,23441
1114,842,49139
1114,844,46123
1114,846,46705
1114,847,24034
1114,848,102308
1114,852,46271
1114,855,89248
1114,857,47653
1114,858,111765
1114,859,46807
1115,4,85198
1115,807,96744
1115,815,94219
1115,822,88310
1115,825,88022
1115,830,86062
1115,839,87099
1115,840,86441
1115,842,93477
1115,844,83614
1115,846,83422
1115,847,124733
1115,848,86981
1115,852,83186
1115,855,86653
1115,857,84232
1115,858,58809
1115,859,86166
1116,1,49564
1116,4,49878
1116,807,50881
1116,815,47992
1116,817,50476
1116,822,49803
1116,825,49812
1116,830,48730
1116,832,47341
1116,840,48412
1116,842,48780
1116,844,23963
1116,846,47516
1116,847,48326
1116,848,48917
1116,852,71951
1116,855,50353
1116,858,50537
1117,1,1235118
1117,4,1252681
1117,807,1242970
1117,817,1239542
1117,822,1252987
1117,825,23642
1117,830,1253935
1117,832,1237499
1117,839,1226296
1117,840,1252268
1117,842,1248325
1117,844,1232760
1117,846,1272357
1117,847,1240511
1117,848,1251660
1117,852,1248178
1117,855,1252356
1117,857,1242798
1117,858,1251663
1118,1,1472541
1118,4,1474675
1118,807,1503572
1118,815,1479209
1118,817,1656958
1118,822,1462965
1118,830,1467558
1118,832,1483995
1118,839,1508976
1118,840,1477340
1118,842,1486107
1118,846,1471467
1118,847,1479125
1118,852,1486956
1118,855,1465154
1118,857,1669370
1118,858,1497183
1119,1,47555
1119,4,52518
1119,807,47607
1119,815,55167
1119,817,22242
1119,822,65489
1119,825,43479
1119,830,48009
1119,832,43891
1119,839,21763
1119,840,44792
1119,842,22262
1119,844,22559
1119,847,43209
1119,848,21242
1119,852,41513
1119,855,22155
1119,857,43804
1119,858,21367
1120,1,44240
1120,4,44303
1120,807,43942
1120,815,42720
1120,817,43432
1120,822,22665
1120,825,44927
1120,830,42937
1120,832,42793
1120,839,22160
1120,840,43533
1120,842,46569
1120,844,43165
1120,846,45493
1120,847,43734
1120,848,44089
1120,852,21486
1120,855,45212
1120,857,42853
1120,858,44004
1121,1,49181
1121,4,49895
1121,807,85759
1121,815,49079
1121,817,49844
1121,822,101193
1121,825,50397
1121,830,49273
1121,832,48340
1121,839,50022
1121,840,48963
1121,842,81682
1121,844,48205
1121,846,48910
1121,847,49644
1121,848,49291
1121,852,49048
1121,855,50302
1121,857,50302
1121,858,86145
1122,1,20170
1122,4,22129
1122,807,21035
1122,815,22196
1122,817,63364
1122,822,46076
1122,825,21460
1122,830,20607
1122,839,22502
1122,844,23419
1122,846,22211
1122,847,21013
1122,848,21723
1122,852,21694
1122,855,46381
1122,857,21427
1122,858,23645
1122,860,22457
1123,1,17596
1123,4,36155
1123,807,36465
1123,815,35334
1123,817,36016
1123,822,65907
1123,825,36452
1123,832,35339
1123,839,66920
1123,840,35878
1123,842,37998
1123,844,34717
1123,846,35429
1123,847,36010
1123,848,35500
1123,852,36058
1123,855,55898
1123,857,36106
1124,1,1627985
1124,4,1627079
1124,807,1628501
1124,815,1623607
1124,822,1633312
1124,825,1610828
1124,830,1622014
1124,832,1626824
1124,839,1633670
1124,840,1655418
1124,842,1633739
1124,844,1606618
1124,846,1626397
1124,847,1627806
1124,852,1631397
1124,855,1633475
1124,857,1626472
1124,858,1658304
1125,1,45180
1125,4,68915
1125,807,46340
1125,815,44398
1125,817,22598
1125,822,22949
1125,825,48701
1125,830,44726
1125,832,22629
1125,839,46364
1125,840,174785
1125,842,86535
1125,844,22360
1125,846,22161
1125,847,45122
1125,848,46873
1125,852,45547
1125,855,72224
1125,857,44935
1125,858,45913
1126,1,22107
1126,4,22374
1126,807,45542
1126,815,44091
1126,817,22540
1126,822,46495
1126,825,83724
1126,830,22187
1126,832,22805
1126,839,22663
1126,840,45669
1126,842,22466
1126,844,21825
1126,846,22041
1126,847,22800
1126,848,45395
1126,852,22153
1126,855,23017
1126,857,52625
1126,858,22611
1127,1,29547
1127,4,91782
1127,807,29749
1127,815,29669
1127,817,30068
1127,822,30240
1127,825,31302
1127,830,30416
1127,832,30508
1127,839,30659
1127,840,29971
1127,842,60735
1127,844,30149
1127,846,29956
1127,847,59269
1127,848,132773
1127,852,29628
1127,855,30244
1127,857,29770
1127,858,31085
1128,1,2399601
1128,4,2389467
1128,817,2385823
1128,822,2418292
1128,830,2396483
1128,832,2327072
1128,840,2435931
1128,842,2381893
1128,844,2358026
1128,846,2365538
1128,847,2369363
1128,848,2381390
1128,852,2377564
1128,855,2410781
1128,857,2357645
1128,858,2415984
1129,1,76805
1129,4,50134
1129,807,73652
1129,815,58185
1129,817,54158
1129,822,24929
1129,825,108944
1129,830,48552
1129,832,51751
1129,839,24495
1129,840,49309
1129,842,49319
1129,844,95846
1129,846,47406
1129,847,77632
1129,848,49557
1129,852,25569
1129,855,119537
1129,857,47453
1130,1,43443
1130,4,44528
1130,807,45240
1130,815,65117
1130,817,44472
1130,822,45707
1130,825,52327
1130,830,43884
1130,832,44443
1130,839,43755
1130,840,45261
1130,842,47784
1130,844,43884
1130,846,44249
1130,847,47723
1130,848,45140
1130,852,66712
1130,855,46776
1130,857,44644
1130,858,44907
1131,1,48844
1131,4,77917
1131,807,44169
1131,815,48791
1131,817,42595
1131,822,43909
1131,825,43350
1131,830,70469
1131,832,42509
1131,839,43522
1131,840,42701
1131,842,43474
1131,844,96748
1131,846,43028
1131,847,42902
1131,848,43570
1131,852,44694
1131,855,44792
1131,857,41753
1131,858,76317
1132,1,58967
1132,4,59027
1132,807,59677
1132,815,118875
1132,817,58748
1132,822,62155
1132,825,60192
1132,830,57441
1132,832,87002
1132,839,115146
1132,840,58492
1132,844,86880
1132,846,59048
1132,847,32045
1132,848,64152
1132,852,59658
1132,855,121224
1132,857,58741
1132,858,62245
1133,1,43216
1133,4,44342
1133,807,44759
1133,815,42451
1133,817,42462
1133,822,44127
1133,825,44402
1133,830,43445
1133,832,43094
1133,839,64603
1133,840,45513
1133,842,21405
1133,844,43617
1133,846,43110
1133,847,42697
1133,848,45501
1133,852,21467
1133,855,44176
1133,857,43464
1133,858,65063
1134,1,45892
1134,4,23075
1134,807,46830
1134,815,67972
1134,817,44971
1134,822,46096
1134,825,23619
1134,830,46157
1134,832,46169
1134,839,46912
1134,840,23010
1134,842,45744
1134,844,46272
1134,846,45292
1134,847,22686
1134,848,46752
1134,852,23452
1134,857,46748
1134,858,47030
1135,1,42194
1135,4,21348
1135,807,21619
1135,815,22934
1135,817,20942
1135,822,42368
1135,825,21403
1135,830,20785
1135,832,20840
1135,839,21015
1135,840,21385
1135,842,22646
1135,844,20841
1135,846,21536
1135,847,43005
1135,848,42274
1135,852,42129
1135,855,43258
1135,857,20969
1135,858,22030
1136,1,48624
1136,4,49367
1136,807,75451
1136,815,48758
1136,817,30317
1136,822,24410
1136,825,25672
1136,830,52348
1136,832,24313
1136,839,24146
1136,840,74458
1136,842,48538
1136,844,24551
1136,846,49039
1136,847,58993
1136,848,24801
1136,855,27138
1136,857,48463
1136,861,25147
1137,1,21289
1137,4,20073
1137,807,21617
1137,815,20630
1137,817,21984
1137,822,20045
1137,830,41870
1137,832,21483
1137,839,20634
1137,840,41337
1137,842,20257
1137,844,20671
1137,846,19712
1137,847,19954
1137,848,20287
1137,852,20922
1137,855,20520
1137,857,20181
1137,860,21276
1137,861,20596
1138,1,29272
1138,4,29251
1138,807,29808
1138,815,28990
1138,817,89035
1138,822,30423
1138,825,60998
1138,830,29655
1138,832,29385
1138,839,29601
1138,840,29816
1138,842,31509
1138,844,29042
1138,846,29091
1138,847,28739
1138,848,29126
1138,852,29662
1138,855,29360
1138,857,29152
1138,861,29772
1139,4,24247
1139,807,24500
1139,815,23580
1139,822,24439
1139,825,48053
1139,830,24228
1139,832,23963
1139,839,50331
1139,840,26399
1139,842,28228
1139,844,23817
1139,846,23731
1139,847,29327
1139,848,59374
1139,852,24193
1139,855,49323
1139,857,24107
1139,859,23839
1139,861,23971
1140,1,22538
1140,807,23077
1140,815,71824
1140,822,22505
1140,825,23332
1140,830,43730
1140,832,22249
1140,839,23245
1140,840,22592
1140,842,23204
1140,844,45550
1140,846,22111
1140,847,22462
1140,855,22935
1140,857,21825
1140,859,52885
1140,861,23895
1141,1,1450908
1141,4,1447979
1141,807,112943
1141,815,1451907
1141,822,1422094
1141,830,1409303
1141,832,1450579
1141,839,1408695
1141,842,1407586
1141,844,1444833
1141,846,1440127
1141,847,1441536
1141,852,1444461
1141,855,1404011
1141,857,1446320
1141,859,1450889
1141,860,1460492
1141,861,50526
1142,1,42422
1142,4,42814
1142,807,43213
1142,815,42328
1142,822,44444
1142,825,21963
1142,830,42951
1142,832,41927
1142,839,58790
1142,840,56451
1142,842,22179
1142,844,42914
1142,846,62921
1142,847,42047
1142,848,22012
1142,852,42376
1142,855,44721
1142,857,48814
1142,859,41691
1142,861,42391
1143,1,110847
1143,4,90031
1143,807,122802
1143,815,80252
1143,822,86142
1143,825,84602
1143,830,74890
1143,832,93275
1143,840,71457
1143,842,81997
1143,844,83118
1143,846,118431
1143,847,116979
1143,848,128124
1143,852,116858
1143,855,87131
1143,857,80011
1143,859,129231
1144,1,21694
1144,4,45763
1144,807,21530
1144,822,41144
1144,825,92946
1144,830,32652
1144,832,21280
1144,840,45319
1144,842,22059
1144,844,21869
1144,846,21276
1144,847,21656
1144,848,22065
1144,852,21869
1144,855,51789
1144,857,56356
1144,859,78297
1144,861,24941
1144,862,22080
